{"cameraMode":{"drawMode":0,"name":"Shaded","section":"Shading Mode"},"sceneLighting":true,"audioPlay":false,"sceneViewState":{"showFog":true,"showMaterialUpdate":false,"showSkybox":true,"showFlares":true,"showImageEffects":true,"showParticleSystems":true},"in2DMode":false,"pivot":{"x":-5.974569320678711,"y":-7.208797931671143,"z":3.7131905555725099},"rotation":{"x":-0.2628582715988159,"y":0.592836856842041,"z":-0.21325424313545228,"w":-0.730720579624176},"size":25.041292190551759,"orthographic":false}