{"cameraMode":{"drawMode":0,"name":"Shaded","section":"Shading Mode"},"sceneLighting":false,"audioPlay":false,"sceneViewState":{"showFog":true,"showMaterialUpdate":false,"showSkybox":true,"showFlares":true,"showImageEffects":true,"showParticleSystems":true},"in2DMode":false,"pivot":{"x":-0.4319119453430176,"y":0.7456643581390381,"z":-0.12695980072021485},"rotation":{"x":-0.017765454947948457,"y":-0.4418981075286865,"z":0.008761820383369923,"w":-0.8968465924263},"size":2.8578836917877199,"orthographic":false}