{"cameraMode":{"drawMode":0,"name":"Shaded","section":"Shading Mode"},"sceneLighting":false,"audioPlay":false,"sceneViewState":{"showFog":true,"showMaterialUpdate":false,"showSkybox":true,"showFlares":true,"showImageEffects":true,"showParticleSystems":true},"in2DMode":false,"pivot":{"x":-2.4811694622039797,"y":8.198360443115235,"z":0.0868377685546875},"rotation":{"x":-0.017406603321433069,"y":0.9774861335754395,"z":-0.19033288955688477,"w":-0.08939376473426819},"size":43.714317321777347,"orthographic":false}