{"cameraMode":{"drawMode":0,"name":"Shaded","section":"Shading Mode"},"sceneLighting":true,"audioPlay":false,"sceneViewState":{"showFog":true,"showMaterialUpdate":false,"showSkybox":true,"showFlares":true,"showImageEffects":true,"showParticleSystems":true},"in2DMode":false,"pivot":{"x":15.682045936584473,"y":5.89815092086792,"z":20.818832397460939},"rotation":{"x":0.07376731187105179,"y":0.9128974676132202,"z":-0.19058486819267274,"w":0.3533470332622528},"size":10.484851837158204,"orthographic":false}