{"cameraMode":{"drawMode":0,"name":"Shaded","section":"Shading Mode"},"sceneLighting":false,"audioPlay":false,"sceneViewState":{"showFog":true,"showMaterialUpdate":false,"showSkybox":true,"showFlares":true,"showImageEffects":true,"showParticleSystems":true},"in2DMode":false,"pivot":{"x":-0.04547595977783203,"y":5.590668678283691,"z":0.051087141036987308},"rotation":{"x":-0.017406603321433069,"y":0.9774861335754395,"z":-0.19033288955688477,"w":-0.08939376473426819},"size":23.364761352539064,"orthographic":false}