{"cameraMode":{"drawMode":0,"name":"Shaded","section":"Shading Mode"},"sceneLighting":false,"audioPlay":false,"sceneViewState":{"showFog":true,"showMaterialUpdate":false,"showSkybox":true,"showFlares":true,"showImageEffects":true,"showParticleSystems":true},"in2DMode":false,"pivot":{"x":-0.9156742095947266,"y":9.12106704711914,"z":0.02536630630493164},"rotation":{"x":-0.017406603321433069,"y":0.9774861335754395,"z":-0.19033288955688477,"w":-0.08939376473426819},"size":44.218990325927737,"orthographic":false}