{"cameraMode":{"drawMode":0,"name":"Shaded","section":"Shading Mode"},"sceneLighting":false,"audioPlay":false,"sceneViewState":{"showFog":true,"showMaterialUpdate":false,"showSkybox":true,"showFlares":true,"showImageEffects":true,"showParticleSystems":true},"in2DMode":false,"pivot":{"x":0.642357349395752,"y":-1.1306605339050294,"z":-1.9088579416275025},"rotation":{"x":-0.017406603321433069,"y":0.9774861335754395,"z":-0.19033288955688477,"w":-0.08939376473426819},"size":17.93149757385254,"orthographic":false}