{"cameraMode":{"drawMode":0,"name":"Shaded","section":"Shading Mode"},"sceneLighting":true,"audioPlay":false,"sceneViewState":{"showFog":true,"showMaterialUpdate":false,"showSkybox":true,"showFlares":true,"showImageEffects":true,"showParticleSystems":true},"in2DMode":false,"pivot":{"x":-43.07726287841797,"y":-24.024959564208986,"z":-0.28229331970214846},"rotation":{"x":-0.150351420044899,"y":0.7836329936981201,"z":-0.20830389857292176,"w":-0.5656176209449768},"size":64.6610107421875,"orthographic":false}