{"cameraMode":{"drawMode":0,"name":"Shaded","section":"Shading Mode"},"sceneLighting":false,"audioPlay":false,"sceneViewState":{"showFog":true,"showMaterialUpdate":false,"showSkybox":true,"showFlares":true,"showImageEffects":true,"showParticleSystems":true},"in2DMode":false,"pivot":{"x":-2.435898780822754,"y":6.411741256713867,"z":0.008180618286132813},"rotation":{"x":-0.017406603321433069,"y":0.9774861335754395,"z":-0.19033288955688477,"w":-0.08939376473426819},"size":46.64954376220703,"orthographic":false}