{"cameraMode":{"drawMode":0,"name":"Shaded","section":"Shading Mode"},"sceneLighting":true,"audioPlay":false,"sceneViewState":{"showFog":true,"showMaterialUpdate":false,"showSkybox":true,"showFlares":true,"showImageEffects":true,"showParticleSystems":true},"in2DMode":false,"pivot":{"x":0.2140202522277832,"y":-0.021508216857910157,"z":-2.6191835403442385},"rotation":{"x":0.08082219213247299,"y":0.9191374182701111,"z":-0.2770974040031433,"w":0.26808813214302065},"size":8.981119155883789,"orthographic":false}