{"cameraMode":{"drawMode":0,"name":"Shaded","section":"Shading Mode"},"sceneLighting":true,"audioPlay":false,"sceneViewState":{"showFog":true,"showMaterialUpdate":false,"showSkybox":true,"showFlares":true,"showImageEffects":true,"showParticleSystems":true},"in2DMode":false,"pivot":{"x":3.4752254486083986,"y":2.6452231407165529,"z":5.8865766525268559},"rotation":{"x":-0.19383227825164796,"y":-0.21092450618743897,"z":0.042714737355709079,"w":-0.9571391940116882},"size":21.577312469482423,"orthographic":false}